R2 Score,MSE,MAE
0.855587547874443,0.08613675457846535,0.2339335268843499
