R2 Score,MSE,MAE
0.7730730693112968,0.011795757347594226,0.08880898899232208
