R2 Score,MSE,MAE
0.8596039517601262,0.006058574803291663,0.06238556738433515
